id,first_name,last_name,email,gender,ip_address
1,Franciska,Elcocks,felcocks0@cnn.com,Female,101.226.182.153
2,Jock,Czaple,jczaple1@bloglines.com,Male,56.157.161.4
3,Joann,Sussans,jsussans2@time.com,Female,145.7.35.193
4,Sascha,Caswell,scaswell3@hhs.gov,Male,56.215.23.198
5,Libby,Tunn,ltunn4@ucla.edu,Polygender,214.181.237.9
6,Hamish,Stirman,hstirman5@blogtalkradio.com,Male,200.112.234.37
7,Sloan,Basnall,sbasnall6@foxnews.com,Male,233.161.138.38
8,Holly,Lidstone,hlidstone7@behance.net,Male,41.130.186.253
9,Mavra,Timmins,mtimmins8@wikispaces.com,Female,159.155.200.154
10,Cozmo,Kopman,ckopman9@privacy.gov.au,Male,66.128.13.100
